<?xml version="1.0" encoding="UTF-8" ?>
<!DOCTYPE mapper
PUBLIC "-//mybatis.org//DTD Mapper 3.0//EN"
"http://mybatis.org/dtd/mybatis-3-mapper.dtd">

<mapper namespace="com.lrw.dao.IItemtreDAO">
<cache /> 
    <!--进行三级菜单的增加  -->
	<insert id="doCreateItemtre" parameterType="com.lrw.vo.Itemtre">
	  Insert into itemtre (itid,title) values (#{itid},#{title});
	</insert>
	<!--进行三级菜单的删除  -->
	<delete id="doRemoveItemtre" parameterType="int">
	  deleter from itemtre where irid=#{value};
	</delete>
	<!--进行三级菜单的更新  -->
	<update id="updateItemtre" parameterType="com.lrw.vo.Itemtre">
	   update itemtre set itid=#{itid},title=#{title} where irid=#{irid};
	</update>
	<!--查询出所有的三级菜单-->
	<select id="findAllItemtre" resultType="com.lrw.vo.Itemtre">
	  select * from itemtre;
	</select>
	<!--根据编号查询某个二级菜单  -->
	<select id="findItemtreByIrid" parameterType="int" resultType="com.lrw.vo.Itemtre">
	    select * from itemone where irid=#{value};
	</select>
	
	<!--根据二级菜单查询出所有的对应的三级菜单  -->
     <select id="findAllItemtreByItid" parameterType="int" resultType="com.lrw.vo.Itemtre">
       select * from itemtre where itid=#{value}; 
     </select>
</mapper>