<?xml version="1.0" encoding="UTF-8"?>
<beans xmlns="http://www.springframework.org/schema/beans"
	xmlns:xsi="http://www.w3.org/2001/XMLSchema-instance"
	xmlns:p="http://www.springframework.org/schema/p"
	xmlns:aop="http://www.springframework.org/schema/aop"
	xmlns:context="http://www.springframework.org/schema/context"
	xmlns:mvc="http://www.springframework.org/schema/mvc"
	xmlns:mybatis-spring="http://mybatis.org/schema/mybatis-spring"
	xmlns:tx="http://www.springframework.org/schema/tx"
	xsi:schemaLocation="http://www.springframework.org/schema/mvc 
	    http://www.springframework.org/schema/mvc/spring-mvc-4.1.xsd
		http://mybatis.org/schema/mybatis-spring 
		http://mybatis.org/schema/mybatis-spring-1.2.xsd
		http://www.springframework.org/schema/beans 
		http://www.springframework.org/schema/beans/spring-beans-4.1.xsd
		http://www.springframework.org/schema/context 
		http://www.springframework.org/schema/context/spring-context-4.1.xsd
		http://www.springframework.org/schema/aop 
		http://www.springframework.org/schema/aop/spring-aop-4.1.xsd
		http://www.springframework.org/schema/tx 
		http://www.springframework.org/schema/tx/spring-tx-4.1.xsd">
    
    <!--扫描Controller所在的包  -->
    <context:component-scan base-package="com.lrw.controller"></context:component-scan>
    
    <!--注解驱动  -->
    <mvc:annotation-driven/>
    
    <!-- 视图解析器：简化在Controller类编写 的视图路径 -->
    <bean class="org.springframework.web.servlet.view.InternalResourceViewResolver">
        <!--前缀  -->
       <property name="prefix" value="/"/>
        <!--后缀  -->
       <property name="suffix" value=".jsp"/>
    </bean>
  <!--  <mvc:interceptors>
      <mvc:interceptor>
         <mvc:mapping path="/goods/*.action"/>
         <bean class="com.lrw.interceptor.UploadInterceptor"></bean>
      </mvc:interceptor>
   </mvc:interceptors> -->
 </beans>